_id,_timestamp,brand,brands,categories,colors,conformityCertificateFile,description,dimension.height,dimension.length,dimension.unit,dimension.width,image,keyDetails.keyDetail1,keyDetails.keyDetail2,keyDetails.keyDetail3,keyFeatures,merchantid,name,otherImages,price,productDataSheet,productType,shop._id,shop.businessInfo,shop.commission,shop.isActive,shop.paymentDetails,shop.personalInfo,shop.shopType,shop.vendor,shop.vendorfeduid,shop.vendorid,shopId,sku,status,warrantyFileSource,warrantyInformation,weight.unit,weight.weight
63347604775325713c2440c1,1664868736541,"[{""_id"":""huawei""},{""_id"":""schneider""}]",,"[{""_id"":""63063a84f469b10174ba382e"",""priority"":1,""categories"":""Agri- business""},{""_id"":""63063aa6f469b10174ba382f"",""priority"":2,""categories"":""Home owners""},{""_id"":""63063abaf469b10174ba3830"",""priority"":3,""categories"":""E- mobility""},{""_id"":""63063c8b74c32b5290b0e0cf"",""priority"":4,""categories"":""Business (Commercial/Industrial)""},{""_id"":""632afc645539f227a098938f"",""priority"":5,""categories"":""New Arriavals""},{""_id"":""632afc7c5539f227a0989390"",""priority"":6,""categories"":""Top Sellers""},{""_id"":""632afc8e5539f227a0989391"",""priority"":7,""categories"":""Top Deal-50% OFF""}]","[""blue"",""yellow"",""white""]",,"SolarMaxhas designed a compact and stylish modified sine wave inverter that operatessilently This inverter is ideal for electricalequipment with a consumptionlower than 300W with a voltage of220Vsuch as cellphones, TVs, DVDs,laptops, electric lights, digital cameras, electric fans, electrictools and so on. This inverter packs a PWM CMOS allowing for a smaller and quiet system The inverter comes with spare fuses. justin case the digital protection measures do not kick in on time. with a one year warranty, you can be assured of a quality product.",,,,,https://yellowdotstorage.blob.core.windows.net/user/products/1664381809390/product-image.jpg,Model Number: VE3024M,Input Voltage: 24V/48V,Output Voltage: 220VAC,"Model Number:
VE3024M
Input Voltage:
24V/48V
Output Voltage:
220VAC
Output Current:
60A
Output Frequency:
50/60HZ
Output Type:
Single
Size:
512*320*136 MM
Type:
DC/AC Inverters
Inverter Efficiency:
>98%
Certificate:
ISO9001, ISO14001
Warranty:
1YEAR, 1 Year
Weight:
19KG
Display:
LCD Display
Feature:
Energy Saving solar inverter and Hybrid Inverter
Application:
Solar Power System Home
Color:
Yellow, Red, White, Green
Protection:
Short Circuit Protection Overload
MPPT Efficiency:
98-100%
OEM:
Accept OEM and ODM
Charging Current:
60A
Waveform:
Pure sine Wave",63075bb04bf1fd3144190a63,Solar Max Solar Panel 250w + 300 Watt Powerful,"[""https://yellowdotstorage.blob.core.windows.net/user/products/1664382390197/product-image.jpg"",""https://yellowdotstorage.blob.core.windows.net/user/products/1664382415986/product-image.jpg"",""https://yellowdotstorage.blob.core.windows.net/user/products/1664382408012/product-image.jpg""]",1,,,63075be04bf1fd3144190a64,,,,,,VENDOR_SHOP,,QfFu39Q5IKSdVOc7N07HUKasTBi1,63075bb04bf1fd3144190a63,63075be04bf1fd3144190a64,123456789,true,,,,
6336b1932bcd6e29efbaa9e1,1664868711260,"[{""_id"":""123457""},{""_id"":""123456""},{""_id"":""huawei""},{""_id"":""schneider""}]",,"[{""_id"":""63063a84f469b10174ba382e"",""priority"":1,""categories"":""Agri- business""},{""_id"":""63063aa6f469b10174ba382f"",""priority"":2,""categories"":""Home owners""},{""_id"":""63063abaf469b10174ba3830"",""priority"":3,""categories"":""E- mobility""},{""_id"":""63063c8b74c32b5290b0e0cf"",""priority"":4,""categories"":""Business (Commercial/Industrial)""},{""_id"":""632afc645539f227a098938f"",""priority"":5,""categories"":""New Arriavals""},{""_id"":""632afc7c5539f227a0989390"",""priority"":6,""categories"":""Top Sellers""},{""_id"":""632afc8e5539f227a0989391"",""priority"":7,""categories"":""Top Deal-50% OFF""}]","[""white"",""blue"",""yellow""]",,"Solar fullkit is a kit where by it consist of five item ;solar panel ,a battery, a digital controller, a powerful power inverter and solar bulbs.
The solar panel is made of mono-crystalline cells which are all weathered hence the solar just require only  light to charge the battery. 
The battery is a dry cell battery so there no cost to maintain it after purchase{free maintenance}Its also a deep cycle gel battery meaning that it can be recharged and discharged regularly without affecting the life cycle of the battery.
The kit has a digital controller to control the flow of the current from the solar to the battery to avoid the battery from  being overcharged by the solar panel  .
The inverter has a very high peaking  power which  is able to run variety of electronics at the same time. 
This kit can able to light the all house including security lights, televisions and also radios .It can also be used to charge mobiles mobile phones. This offer you can only get it  at Jumia Kenya online shop you ask we deliver original items ,Thank you for shopping with us.",,,,,https://yellowdotstorage.blob.core.windows.net/user/products/1664528644195/product-image.jpg,300w DC to AC power inverter,10Amp Solar Charge  Digital Controller,100 Watts Solar Panel,"100 Watts Solar Panel
80Ah Maintenance Free Battery
10Amp Solar Charge  Digital Controller
300w DC to AC power inverter
4 Bulbs Energy SAVING BULBS",63075bb04bf1fd3144190a63,Solarmax 100 WATTS SOLAR FULLKIT,"[""https://yellowdotstorage.blob.core.windows.net/user/products/1664528656535/product-image.jpg"",""https://yellowdotstorage.blob.core.windows.net/user/products/1664528663617/product-image.jpg"",""https://yellowdotstorage.blob.core.windows.net/user/products/1664528669583/product-image.jpg""]",1,,,63075be04bf1fd3144190a64,,,,,,VENDOR_SHOP,,QfFu39Q5IKSdVOc7N07HUKasTBi1,63075bb04bf1fd3144190a63,63075be04bf1fd3144190a64,SKU238491,true,,,,
633c2b7cde5d691d7d8ec0f9,1673959345013,,"[{""_id"":""63623b2cd7c8dd6904cf7ef4"",""productType"":{""_id"":""63623ad5d7c8dd6904cf7ef3"",""productType"":""SOLAR PUMP""},""brand"":""CHIMP""}]","[{""_id"":""63063a84f469b10174ba382e"",""priority"":1,""categories"":""Agri- business""},{""_id"":""63063aa6f469b10174ba382f"",""priority"":2,""categories"":""Home owners""},{""_id"":""63063abaf469b10174ba3830"",""priority"":3,""categories"":""E- mobility""}]","[""yellow"",""blue"",""white""]",,"A submersible water pump with  24V , Head of 50Meters
This submersible water pump is Solar Powered.
 Direct Current and a fitting of  1"" 
This submersible pump 
It's unique water tight power connector stops water leaking & prevents potential condensation problems. 
It is Great for livestock watering, irrigation, pond aeration, remote homes & cabins.
The submersible is strongly build yet light weight (2.95kgs).Corrosion-proof housing with stainless steel-fasteners.
The submersible has dry running capabilities without pump damage. 
One of greatest features of this submersible is the Internal Bypass feature for pump protection Long-life.
It is also can be easily repaired in the field. ",0,0,,0,https://yellowdotstorage.blob.core.windows.net/user/products/1664887648593/product-image.jpg,A submersible water pump with  24V ,Head of 50Meters," Direct Current and a fitting of  1"" ","A submersible water pump with  24V , Head of 50Meters
This submersible water pump is Solar Powered.
 Direct Current and a fitting of  1"" 
This submersible pump 
It's unique water tight power connector stops water leaking & prevents potential condensation problems. 
It is Great for livestock watering, irrigation, pond aeration, remote homes & cabins.
The submersible is strongly build yet light weight (2.95kgs).Corrosion-proof housing with stainless steel-fasteners.
The submersible has dry running capabilities without pump damage. 
One of greatest features of this submersible is the Internal Bypass feature for pump protection Long-life.
It is also can be easily repaired in the field. ",62ff517835e2296e14851ec1,RUTANPUMP Solar Powered Submersible Water Pump 24V 50 Meters Lift Height,"[""https://yellowdotstorage.blob.core.windows.net/user/products/1664887654524/product-image.jpg"",""https://yellowdotstorage.blob.core.windows.net/user/products/1664887659540/product-image.jpg"",""https://yellowdotstorage.blob.core.windows.net/user/products/1664887666408/product-image.jpg""]",5,,63623ad5d7c8dd6904cf7ef3,63074ef15a3b29740fa41f5c,,3,,,,VENDOR_SHOP,,MUeqo6qAf6ZcDj3chb1Va9NnRrM2,62ff517835e2296e14851ec1,63074ef15a3b29740fa41f5c,SKU,true,,2yrs,,
633c2d30de5d691d7d8ec0fb,1667564515937,,"[{""_id"":""635a2950f53b927926bfa091"",""productType"":{""_id"":""635a28c1f53b927926bfa08b"",""productType"":""SOLAR PANEL""},""brand"":""AE SOLAR""}]","[{""_id"":""63063a84f469b10174ba382e"",""priority"":1,""categories"":""Agri- business""},{""_id"":""63063aa6f469b10174ba382f"",""priority"":2,""categories"":""Home owners""}]","[""yellow"",""blue"",""white""]",,"1.High conversion efficiency, good output efficiency, low light efficiency, light weight, easy to carry and strong applicability.
2.Scratch resistant, non foaming, easy to clean.It is semi flexible and can be bent properly to use a wider range of applications.
3.Light weight, easy to carry. High conversion rate and high yield. High stability and good durability.It has a single crystal chip, which can be used in automobiles, families, ships, motorcycles, etc.

Conversion rate: 23-24%
Voltage: 5V
Maximum power supply voltage: 6V
Short circuit current: 2A
Junction box: IP67 RETED
Working temperature: -40â„ƒ+85â„ƒ
colour: black
Material: Monocrystalline silicon
Size: 280x280x2mm

Package Contents:
1 x Solar panel
1 x 40A controller
1 x 1 drag 10 charging cable
1 pair x alligator clips
1 x Car charger
4 x suction cup

Only the above package content, other products are not included.
Note: Light shooting and different displays may cause the color of the item in the picture a little different from the real thing. The measurement allowed error is +/- 1-3cm.
About Us
We provide the good product with the best price,we support Wholesale/Drop Shipping Order
1. For Drop Shipping order, please remark""dropshipping order"", we will prioritize it.
2. For Wholesale/Drop Shipping orders, if you have any ideas about the price or package,please contact us in advance,we will give you the best service to satisfy your demands.
About Shipments
1.We will send out the orders ASAP once your payment is completed normally.
2.Please write your complete delivery address with correct phone number and zip code, especially please confirm your full name.
About After-sale Service
We are reliable seller and we have our professional after-sale service for all of our customs. If there is any question about the order,please contact us in advance ,we will always here until you get a happy answer.
About Feedback
1. Please check the package and item when you get carefully to make sure there is no problem.
2. If you have any problem or are not entirely satisfied with your package,please donâ€™t be hesitate to contact us first before leaving negative feedback. We will resolve the problem to satisfy you.
30621. If there is no problem, please leave us five star positive feedback.
Your affirmation is our greatest motivation ! ! !",,,,,https://yellowdotstorage.blob.core.windows.net/user/products/1664888052337/product-image.jpg,Solar Panel with Controller,200W Solar Panel Kit,Caravan Solar Panel,"Solar Panel
Charge Controller
200W Solar Panel Kit
Solar Panel with Controller
Caravan Solar Panel",62ff517835e2296e14851ec1,Generic 200W Solar Panel Kit Solar Panel High Efficience,"[""https://yellowdotstorage.blob.core.windows.net/user/products/1664888060716/product-image.jpg"",""https://yellowdotstorage.blob.core.windows.net/user/products/1664888066016/product-image.jpg"",""https://yellowdotstorage.blob.core.windows.net/user/products/1664888071691/product-image.jpg""]",1,,635a28c1f53b927926bfa08b,63074ef15a3b29740fa41f5c,,20,,,,VENDOR_SHOP,,MUeqo6qAf6ZcDj3chb1Va9NnRrM2,62ff517835e2296e14851ec1,63074ef15a3b29740fa41f5c,SKU12345,true,,2yrs,,
633c2e5fde5d691d7d8ec0fc,1671566906787,,"[{""_id"":""635a2950f53b927926bfa091"",""productType"":{""_id"":""635a28c1f53b927926bfa08b"",""productType"":""SOLAR PANEL""},""brand"":""AE SOLAR""}]","[{""_id"":""63063a84f469b10174ba382e"",""priority"":1,""categories"":""Agri- business""},{""_id"":""63063aa6f469b10174ba382f"",""priority"":2,""categories"":""Home owners""},{""_id"":""63063abaf469b10174ba3830"",""priority"":3,""categories"":""E- mobility""},{""_id"":""63063c8b74c32b5290b0e0cf"",""priority"":4,""categories"":""SMEs""}]","[""white""]",,"Leading IP67 Waterproof TechnologyMade of high-impact Die-cast Aluminium and having been enormous technological break throughs in waterproof grade, Cassa solar lights outdoor has unique IP66 waterproof design and can withstand all kinds of terrible weather. Much more durable than other less waterproof grade solar lights outdoor.Upgrade Detactable Design:6.5h fully charged for battery lighting up tfrom 10h-20h,quickly and absolutely absorb solar energy. Cassa solar panel and light are connected by a 5meter cable. Adopt 180 adjustable solar panel and light holder,No limits for the installation place, just need to make sure the solar panel can absorb the direct sunlight.High-efficient Solar Panel: This light works automatically without electricity as the solar panel absorbs the sun rays and generates power for the light. Our hikeren solar panel of polycrystalline silicon converts up to 20% of the sunlight into electricity energy which ensure long lasting standby time. Cool White LED Ultra-Bright Solar Powered LightsThere are powerful Cool White LEDs and the motion angle is 180 degrees which can provide excellent illumination and turn the dark space into a bright lighted space.1 Year Warranty Quality Ensured-1 year warranty ensures this will quickly become your favorite no-risk purchase.Multiple ControlUpgrade remote control is more compact than other productsneed to point it to the light IR receiverrange26-42ft at night or on cloudy day. 3/5hours timing modeauto modelights up at dusk and turns off at dawn automatically.Easy Installation 2 ways of installation, one is hanging, one is fixed with screws, 4pcs screws included in the package.What's more, there is extension 5 meters cable to connect the solar panel to flood light.",100,100,,100,https://yellowdotstorage.blob.core.windows.net/user/products/1664888261368/product-image.jpg,6.5h fully charged for battery lighting up from 10h-20h,No limits for the installation place,High-efficient Solar Panel,"6.5h fully charged for battery lighting up tfrom 10h-20h,quickly and absolutely absorb solar energy. Cassa solar panel and light are connected by a 5meter cable. Adopt 180 adjustable solar panel and light holder,No limits for the installation place, just need to make sure the solar panel can absorb the direct sunlight.High-efficient Solar Panel: This light works automatically without electricity as the solar panel absorbs the sun rays and generates power for the light. Our hikeren solar panel of polycrystalline silicon converts up to 20% of the sunlight into electricity energy which ensure long lasting standby time. Cool White LED Ultra-Bright Solar Powered LightsThere are powerful Cool White LEDs and the motion angle is 180 degrees which can provide excellent illumination and turn the dark space into a bright lighted space.1 Year Warranty Quality Ensured-1 year warranty ensures this will quickly become your favorite no-risk purchase.Multiple ControlUpgrade remote control is more compact than other productsneed to point it to the light IR receiverrange26-42ft at night or on cloudy day. 3/5hours timing modeauto modelights up at dusk and turns off at dawn automatically.Easy Installation 2 ways of installation, one is hanging, one is fixed with screws, 4pcs screws included in the package.What's more, there is extension 5 meters cable to connect the solar panel to flood light.",62ff517835e2296e14851ec1,"Solar Light 25W ,40W ,60W Outdoor Solar LED Floodlight","[""https://yellowdotstorage.blob.core.windows.net/user/products/1664888270347/product-image.jpg"",""https://yellowdotstorage.blob.core.windows.net/user/products/1664888275646/product-image.jpg"",""https://yellowdotstorage.blob.core.windows.net/user/products/1664888281367/product-image.jpg""]",1,,635a28c1f53b927926bfa08b,63074ef15a3b29740fa41f5c,,3,,,,VENDOR_SHOP,,MUeqo6qAf6ZcDj3chb1Va9NnRrM2,62ff517835e2296e14851ec1,63074ef15a3b29740fa41f5c,SO566GP0B5B5FNAFAMZ,true,,2yrs,,
633c302ade5d691d7d8ec0fe,1669300870550,,"[{""_id"":""635a2951f53b927926bfa0a3"",""productType"":{""_id"":""635a28c1f53b927926bfa08b"",""productType"":""SOLAR PANEL""},""brand"":""GOLDI SOLAR""}]","[{""_id"":""63063a84f469b10174ba382e"",""priority"":1,""categories"":""Agri- business""},{""_id"":""63063aa6f469b10174ba382f"",""priority"":2,""categories"":""Home owners""},{""_id"":""63063abaf469b10174ba3830"",""priority"":3,""categories"":""E- mobility""}]","[""yellow"",""blue"",""white""]",,"Solar kit is a kit where by is comply of six items include solar panel, charger controller ,solar battery and powerful power inverter.  
This kit can able to light the all house including security lights, televisions and also radios .It can also used to charge mobiles phones. And also it is also a all weather panel. Solar battery is a dry cell .Controller is a digital controller of which it is very accurate 
This offer you can only get at Jumia Kenya online shop you ask we deliver original items",,,,,https://yellowdotstorage.blob.core.windows.net/user/products/1664888798422/product-image.jpg,400w solar panel ,200ah battery ,1000w inverter ,"400w solar panel 
200ah battery 
1000w inverter 
30amps controller 
40""vitron 
wall bracket
",62ff517835e2296e14851ec1,Solarmax 400W Solar Panel Fullkit,"[""https://yellowdotstorage.blob.core.windows.net/user/products/1664888822187/product-image.jpg"",""https://yellowdotstorage.blob.core.windows.net/user/products/1664888810812/product-image.jpg"",""https://yellowdotstorage.blob.core.windows.net/user/products/1664888816885/product-image.jpg""]",1,,635a28c1f53b927926bfa08b,63074ef15a3b29740fa41f5c,,3,,,,VENDOR_SHOP,,MUeqo6qAf6ZcDj3chb1Va9NnRrM2,62ff517835e2296e14851ec1,63074ef15a3b29740fa41f5c,SO830LB1GAD3INAFAMZ,true,,3yrs,,
633d3a78de5d691d7d8ec112,1664957048251,"[{""_id"":""jinko""}]",,"[{""_id"":""63063aa6f469b10174ba382f"",""priority"":2,""categories"":""Home owners""},{""_id"":""632afc7c5539f227a0989390"",""priority"":6,""categories"":""Top Sellers""}]","[""blue""]",https://yellowdotstorage.blob.core.windows.net/user/conformity-docs/1664957012292/certificate-conformity.pdf,JINKO SOLAR  300W Solar Panel 25 YEARS WARRANTY,,,,,https://yellowdotstorage.blob.core.windows.net/user/products/1664956048143/product-image.jpg,300W,,,"JS: SO830GP02QBNONAFAMZ
Model: 300W
Size (L x W x H cm): 1
Weight (kg): 25
Main Material: Solar",633d2b7bde5d691d7d8ec108,JINKO SOLAR,"[""https://yellowdotstorage.blob.core.windows.net/user/products/1664956096913/product-image.jpg"",""https://yellowdotstorage.blob.core.windows.net/user/products/1664956155655/product-image.jpg"",""https://yellowdotstorage.blob.core.windows.net/user/products/1664956526109/product-image.jpg""]",3000,,,633d2bcede5d691d7d8ec109,,,true,,,VENDOR_SHOP,,4ywe77HRx4aatg4B8sckzldhcG22,633d2b7bde5d691d7d8ec108,633d2bcede5d691d7d8ec109,SKU: SO830GP02QBNONA,true,https://yellowdotstorage.blob.core.windows.net/user/warranties/1664957001028/warranty.pdf,,,
633d7da7de5d691d7d8ec12a,1664974247681,"[{""_id"":""huawei""},{""_id"":""jinko""}]",,"[{""_id"":""63063a84f469b10174ba382e"",""priority"":1,""categories"":""Agri- business""},{""_id"":""632afc7c5539f227a0989390"",""priority"":6,""categories"":""Top Sellers""},{""_id"":""632afc8e5539f227a0989391"",""priority"":7,""categories"":""Top Deal-50% OFF""}]","[""white"",""blue"",""yellow""]",,"Please upload clear, accurate and complete pictures
Minimum resolution: 500 x 500 - Maximum: 2000 x 2000
It is advisable to have 3 different images in different angles to showcase product features",,,,,https://yellowdotstorage.blob.core.windows.net/user/products/1664974141297/product-image.jpg,Key Detail 1,Key Detail 1,Key Detail 1,"Please upload clear, accurate and complete pictures
Minimum resolution: 500 x 500 - Maximum: 2000 x 2000
It is advisable to have 3 different images in different angles to showcase product features",63075bb04bf1fd3144190a63,Product name,"[""https://yellowdotstorage.blob.core.windows.net/user/products/1664974211838/product-image.jpg"",""https://yellowdotstorage.blob.core.windows.net/user/products/1664974220852/product-image.jpg"",""https://yellowdotstorage.blob.core.windows.net/user/products/1664974226532/product-image.jpg""]",25,,,63075be04bf1fd3144190a64,,,,,,VENDOR_SHOP,,QfFu39Q5IKSdVOc7N07HUKasTBi1,63075bb04bf1fd3144190a63,63075be04bf1fd3144190a64,JWIDJEWOIDJEOIWD,true,,2yrs,,
634a40f1e09fa30d8699543e,1665810673139,Jinko,,"[{""_id"":""63063a84f469b10174ba382e"",""priority"":1,""categories"":""Agri- business""}]","[""#ffffff"",""#cbc8c8"",""#b0b0b0"",""#5cb0f0""]",https://yellowdotstorage.blob.core.windows.net/user/conformity-docs/1665810663951/certificate-conformity.pdf,"Solar fullkit is a kit where by it consist of four item ;solarmax panel ,a battery, a digital controller, a high powerful power inverter and solar bulbs.
The solar panel is made of mono-crystalline cells which are all weathered hence the solar just require only  light to charge the battery. 
The battery is a dry cell battery so there no cost to maintain it after purchase{free maintenance}Its also a deep cycle gel battery meaning that it can be recharged and discharged regularly without affecting the life cycle of the battery.
The kit has a digital controller to control the flow of the current from the solar to the battery to avoid the battery from  being overcharged by the solar panel  .
The inverter has a very high peaking  power which  is able to run variety of electronics at the same time. 
This kit can able to light the all house including security lights, televisions and also radios .It can also be used to charge mobiles mobile phones. This offer you can only get it  at Jumia Kenya online shop you ask we deliver original items ,Thank you for shopping with us.",,,,,https://yellowdotstorage.blob.core.windows.net/user/products/1665810392226/product-image.jpg,250watts solar,300 watt powerful inverter,20A digital controller,"250watts solar
300 watt powerful inverter
20A digital controller
150AH dry battery
3 LED bulbs",634a327be09fa30d86995439,Solar Panel 250w + 300 Watt Powerful Inverter + 20A Digital Controller +150AH Dry Battery + 3 LED Bulbs (ENERGY SAVER),"[""https://yellowdotstorage.blob.core.windows.net/user/products/1665810401529/product-image.jpg"",""https://yellowdotstorage.blob.core.windows.net/user/products/1665810409552/product-image.jpg"",""https://yellowdotstorage.blob.core.windows.net/user/products/1665810418066/product-image.jpg""]",10000,,,634a329ce09fa30d8699543a,,3,true,,,VENDOR_SHOP,,Yqe3T1JN5aTR7HaJaVAttE4SqHR2,634a327be09fa30d86995439,634a329ce09fa30d8699543a,qwerty,true,,2yrs,,
634c7f66e09fa30d86995450,1665957734194,634c5ae843972952e48b5b3e,,"[{""_id"":""63063a84f469b10174ba382e"",""priority"":1,""categories"":""Agri- business""},{""_id"":""63063aa6f469b10174ba382f"",""priority"":2,""categories"":""Home owners""}]","[""#5ef459""]",,"lease upload clear, accurate and complete pictures
Minimum resolution: 500 x 500 - Maximum: 2000 x 2000
It is advisable to have 3 different images in different angles to showcase product features",,,,,https://yellowdotstorage.blob.core.windows.net/user/products/1665957567195/product-image.jpg,Key Detail 1,Key Detail 2,Key Detail 3,"lease upload clear, accurate and complete pictures
Minimum resolution: 500 x 500 - Maximum: 2000 x 2000
It is advisable to have 3 different images in different angles to showcase product features",63075bb04bf1fd3144190a63,Product,"[""https://yellowdotstorage.blob.core.windows.net/user/products/1665957602625/product-image.jpg"",""https://yellowdotstorage.blob.core.windows.net/user/products/1665957587192/product-image.png"",""https://yellowdotstorage.blob.core.windows.net/user/products/1665957649474/product-image.png""]",1,,,63075be04bf1fd3144190a64,,,,,,VENDOR_SHOP,,QfFu39Q5IKSdVOc7N07HUKasTBi1,63075bb04bf1fd3144190a63,63075be04bf1fd3144190a64,QWERTY,true,,2YRS,,
634ccfb5e09fa30d86995451,1665978293644,634c6613e09fa30d8699544f,,"[{""_id"":""63063a84f469b10174ba382e"",""priority"":1,""categories"":""Agri- business""},{""_id"":""63063aa6f469b10174ba382f"",""priority"":2,""categories"":""Home owners""},{""_id"":""63063abaf469b10174ba3830"",""priority"":3,""categories"":""E- mobility""}]","[""#ffffff""]",,"Solar Panel 300 Watt  Plus

20Amp Charger Controller  

The cells are individually tested and matched for optimum performancebefore being built into the protective module structure.

A Tedlar Â® base is used and ethylene vinyl acetate encapsulate. 

High transmission protects the cells from the front and a high strengthpolymer sheet at the rear. 

A reinforced aluminium frame completes the laminate structure which isfully sealed against moisture and protected from environmental and mechanicaldamage.

Most common mistake people is mixing of battery's. car battery's are notgood in solar storage and have internal resistance

for more information, contact the seller  for guideline 

This is an unbeatableofferon Jumia Kenya and we deliver original items right atyourdoorstep from Solar Afrika",,,,,https://yellowdotstorage.blob.core.windows.net/user/products/1665978166675/product-image.jpg,Durability: High,Use: Inverter Charging,Type: poly- crystaline,"Type: poly- crystaline
Use: Inverter Charging
Durability: High
Cell Efficiency: High
Installation: Use Expert like reowatt electrica enterprises
Solar panels trap the free energy of the sun for your use. It can be integrated into your existing installation of Inverter and Batteries.",63075bb04bf1fd3144190a63,Sunnypex Solar Panel 300 Watts + Charge Controller -20A,"[""https://yellowdotstorage.blob.core.windows.net/user/products/1665978176264/product-image.jpg"",""https://yellowdotstorage.blob.core.windows.net/user/products/1665978185196/product-image.jpg"",""https://yellowdotstorage.blob.core.windows.net/user/products/1665978193763/product-image.jpg""]",1000,,,63075be04bf1fd3144190a64,,,,,,VENDOR_SHOP,,QfFu39Q5IKSdVOc7N07HUKasTBi1,63075bb04bf1fd3144190a63,63075be04bf1fd3144190a64,QWERTYUSH,true,,2YRS,,
634d2aa8fd850f34b4367220,1666001682797,,,"[{""_id"":""63063a84f469b10174ba382e"",""priority"":1,""categories"":""Agri- business""}]",[],,sales@neiltd.comsales@neiltd.comsales@neiltd.comsales@neiltd.comsales@neiltd.comsales@neiltd.comsales@neiltd.comsales@neiltd.comsales@neiltd.comsales@neiltd.comsales@neiltd.comsales@neiltd.comsales@neiltd.comsales@neiltd.comsales@neiltd.comsales@neiltd.comsales@neiltd.comsales@neiltd.comsales@neiltd.comsales@neiltd.comsales@neiltd.comsales@neiltd.comsales@neiltd.comsales@neiltd.comsales@neiltd.comsales@neiltd.comsales@neiltd.comsales@neiltd.comsales@neiltd.comsales@neiltd.comsales@neiltd.comsales@neiltd.comsales@neiltd.comsales@neiltd.comsales@neiltd.comsales@neiltd.comsales@neiltd.comsales@neiltd.comsales@neiltd.com,,,,,https://yellowdotstorage.blob.core.windows.net/user/products/1666001388182/product-image.png,sales@neiltd.com 1`,sales@neiltd.com 2,sales@neiltd.com 3,sales@neiltd.comsales@neiltd.comsales@neiltd.comsales@neiltd.comsales@neiltd.comsales@neiltd.comsales@neiltd.comsales@neiltd.comsales@neiltd.comsales@neiltd.comsales@neiltd.comsales@neiltd.comsales@neiltd.comsales@neiltd.comsales@neiltd.comsales@neiltd.comsales@neiltd.comsales@neiltd.comsales@neiltd.comsales@neiltd.comsales@neiltd.comsales@neiltd.comsales@neiltd.comsales@neiltd.comsales@neiltd.comsales@neiltd.comsales@neiltd.comsales@neiltd.comsales@neiltd.comsales@neiltd.comsales@neiltd.comsales@neiltd.com,634d1e64e09fa30d86995459,5KW MPPT Hybrid Inverter,"[""https://yellowdotstorage.blob.core.windows.net/user/products/1666001409506/product-image.png"","""",""""]",55000,,,634d1e91e09fa30d8699545a,,3,true,,,VENDOR_SHOP,,EBxFpwsViMUpfK3zel6KIDqS8lg1,634d1e64e09fa30d86995459,634d1e91e09fa30d8699545a,GW275HFID95KW,true,https://yellowdotstorage.blob.core.windows.net/user/warranties/1666001567204/warranty.png,sales@neiltd.comsales@neiltd.comsales@neiltd.comsales@neiltd.comsales@neiltd.comsales@neiltd.comsales@neiltd.comsales@neiltd.comsales@neiltd.comsales@neiltd.comsales@neiltd.comsales@neiltd.comsales@neiltd.comsales@neiltd.comsales@neiltd.comsales@neiltd.comsales@neiltd.comsales@neiltd.comsales@neiltd.comsales@neiltd.comsales@neiltd.comsales@neiltd.comsales@neiltd.comsales@neiltd.comsales@neiltd.comsales@neiltd.comsales@neiltd.comsales@neiltd.comsales@neiltd.comsales@neiltd.comsales@neiltd.com,,
634d3c5ffd850f34b4367224,1666006286924,,,"[{""_id"":""63063a84f469b10174ba382e"",""priority"":1,""categories"":""Agri- business""},{""_id"":""63063aa6f469b10174ba382f"",""priority"":2,""categories"":""Home owners""}]",[],,"Please upload clear, accurate and complete pictures
Minimum resolution: 500 x 500 - Maximum: 2000 x 2000ðŸ˜‚
It is advisable to have 3 different images in different angles to showcase product features",,,,,https://yellowdotstorage.blob.core.windows.net/user/products/1666005978332/product-image.jpg,Key Detail 1,Key Detail 1,Key Detail 1,"1 .Please upload clear, accurate and complete pictures
Minimum resolution: 500 x 500 - Maximum: 2000 x 2000
It is advisable to have 3 different images in different angles to showcase product features",634d1e64e09fa30d86995459,Growatt Inverter,"[""https://yellowdotstorage.blob.core.windows.net/user/products/1666006015429/product-image.jpg"",""https://yellowdotstorage.blob.core.windows.net/user/products/1666005995953/product-image.jpg"",""https://yellowdotstorage.blob.core.windows.net/user/products/1666006009911/product-image.jpg""]",12344,,,634d1e91e09fa30d8699545a,,3,true,,,VENDOR_SHOP,,EBxFpwsViMUpfK3zel6KIDqS8lg1,634d1e64e09fa30d86995459,634d1e91e09fa30d8699545a,QWERTYUIOP,true,,2yrs,,
634e77d8fd850f34b436734d,1666733296879,,"[{""_id"":""6358284809f2ec6cc5879514"",""productType"":{""_id"":""6357e0c1ba58c423b99c1782"",""productType"":""INVERTER""},""brand"":""Amaron inverters""}]","[{""_id"":""63063a84f469b10174ba382e"",""priority"":1,""categories"":""Agri- business""},{""_id"":""63063abaf469b10174ba3830"",""priority"":3,""categories"":""E- mobility""},{""_id"":""63063c8b74c32b5290b0e0cf"",""priority"":4,""categories"":""SMEs""}]","[""#bd4747""]",,"100w mono crystalline also start as a silicon crystalâ€˜seedâ€™ placed in a vat of molten silicon. However, rather than draw thesilicon crystal seed up as with Mono crystalline vat of silicon is simplyallowed to cool. This is what forms the distinctive edges and grains inthe solar cell.Monocrystalline cells were previously thoughtto be inferior to Mono crystalline because they were slightly less efficient,however, because of the cheaper method by which they can be produced coupledwith only slightly lower efficiencies they have become the dominant technologyon the residential solar panels market.Super smart charging solar panelsystem Shop at jumia and it will be brought to your door step ",,,,,https://yellowdotstorage.blob.core.windows.net/user/products/1666086649689/product-image.jpg,Key Detail,Key Detail ,Key Detail ,"Â·  Advancedencapsulation material with multi-layered sheet lamination to enhance cell performanceand provide a long service life.
Â·EL tested solarmodules; no hot-spot heating guaranteed.
Â·Bypass diodesminimize power drop caused by shade and ensure excellent performance inlow-light environments.
Â·TPT back sheetensures smooth performance over a long period of time.
Â·The process used to makep",62ff517835e2296e14851ec1,Solarmax 100Watt Solar Panel,"[""https://yellowdotstorage.blob.core.windows.net/user/products/1666086764411/product-image.jpg"",""https://yellowdotstorage.blob.core.windows.net/user/products/1666086716190/product-image.jpg"",""https://yellowdotstorage.blob.core.windows.net/user/products/1666086725393/product-image.jpg""]",1,,6357e0c1ba58c423b99c1782,63074ef15a3b29740fa41f5c,,20,,,,VENDOR_SHOP,,MUeqo6qAf6ZcDj3chb1Va9NnRrM2,62ff517835e2296e14851ec1,63074ef15a3b29740fa41f5c,QWERTYU,true,,2YRS,,
634f963cfd850f34b4367361,1666160188726,634d4cd5fd850f34b436725c,,"[{""_id"":""63063abaf469b10174ba3830"",""priority"":3,""categories"":""E- mobility""}]","[""#ffffff"",""#ebe5e5""]",https://yellowdotstorage.blob.core.windows.net/user/conformity-docs/1666160143659/certificate-conformity.pdf,Very high quality inverter ,,,,,https://yellowdotstorage.blob.core.windows.net/user/products/1666160030130/product-image.jpg,MUST Brand ,,,White in color,632afb335539f227a098938d,INVERTER,"[""https://yellowdotstorage.blob.core.windows.net/user/products/1666160044434/product-image.jpg"",""https://yellowdotstorage.blob.core.windows.net/user/products/1666160055990/product-image.jpg"",""https://yellowdotstorage.blob.core.windows.net/user/products/1666160067282/product-image.jpg""]",15000,,,632afc015539f227a098938e,,,true,,,VENDOR_SHOP,,0VLs9DKye0dev3y5pZywY9gd5Ke2,632afb335539f227a098938d,632afc015539f227a098938e,2384,true,https://yellowdotstorage.blob.core.windows.net/user/warranties/1666160163731/warranty.pdf,1 year warranty,,
63562b7398494133a64d506a,1666863400050,,"[{""_id"":""635a2952f53b927926bfa0b0"",""productType"":{""_id"":""635a28c1f53b927926bfa08b"",""productType"":""SOLAR PANEL""},""brand"":""JINKO""}]","[{""_id"":""63063a84f469b10174ba382e"",""priority"":1,""categories"":""Agri- business""},{""_id"":""63063aa6f469b10174ba382f"",""priority"":2,""categories"":""Home owners""}]","[""#ffffff""]",,"Please upload clear, accurate and complete pictures
Minimum resolution: 500 x 500 - Maximum: 2000 x 2000
It is advisable to have 3 different images in different angles to showcase product features",,,,,https://yellowdotstorage.blob.core.windows.net/user/products/1666591493616/product-image.jpg,Key Detail 1,Key Detail 2,Key Detail 3,"Please upload clear, accurate and complete pictures
Minimum resolution: 500 x 500 - Maximum: 2000 x 2000
It is advisable to have 3 different images in different angles to showcase product features",634e3f1cfd850f34b4367332,My product name,"[""https://yellowdotstorage.blob.core.windows.net/user/products/1666591502001/product-image.jpg"",""https://yellowdotstorage.blob.core.windows.net/user/products/1666591514801/product-image.jpg"",""https://yellowdotstorage.blob.core.windows.net/user/products/1666591536173/product-image.jpg""]",1,,635a28c1f53b927926bfa08b,634e3f41fd850f34b4367333,,3,true,,,VENDOR_SHOP,,7TqTGtu8osVEnPTfsWJOXFI2hVm1,634e3f1cfd850f34b4367332,634e3f41fd850f34b4367333,QWERTY,true,,2YRS,,
635856e209f2ec6cc5879594,1673876605328,,"[{""_id"":""635a2a15f53b927926bfa0f1"",""productType"":{""_id"":""635a28c1f53b927926bfa08a"",""productType"":""INVERTERS""},""brand"":""LUMINOUS""}]","[{""_id"":""63063a84f469b10174ba382e"",""priority"":1,""categories"":""Agri- business""},{""_id"":""63063aa6f469b10174ba382f"",""priority"":2,""categories"":""Home owners""}]","[""#ffffff""]",,"ã€Full Powerã€‘:Provides 1000 , 1500, 2000 Watts full continuous power DC to AC power and 2000, 3000, 4000 Watts peak power, featuring 2 AC outlets and USB ports; ideal for powering iPod, cell phones, laptops, speakers, cameras, neon lights, game consoles, mobile phones, iPad and other devices
ã€Easy to carryã€‘: can be used for electricity needs during holidays, road trips, camping, etc. Featuring a universal cigarette lighter plug with long cable that plugs into almost any vehicle.
ã€Multi-Protectionã€‘: built-in 40 amps fuse to protect your device. Safe charging design provides protection against, overheating, under and over voltage charging, short circuiting
ã€Protectionã€‘: The thick alloy casing prevents the inverter from being dropped and impacted, and the high-speed cooling fan protects the inverter from overheating.",200,100,,100,https://yellowdotstorage.blob.core.windows.net/user/products/1666733631887/product-image.jpg,"Power: 1000watts rating power, 2000watts peak","Power: 2000 watts rating power, 4000 watts peak po",Efficiency: up to 93%,"Power: 1000watts rating power, 2000watts peak power    or
Power: 1500 watts rating power, 3000 watts peak power    or
Power: 2000 watts rating power, 4000 watts peak power 
Output Wave: Modified Sine Wave
Input Voltage: 9.5-14VDC
Output Voltage: 120VACÂ±10%
Efficiency: up to 93%
Built-in cooling fan: Will run when inverter opened.
Over-temperature Protection: Around 149â„‰
Over-voltage Shutdown: 15VÂ±0.5VDC
Under-voltage Shutdown: 9.5VÂ±0.5VDC",62ff517835e2296e14851ec1,"Solarmax 1000W, 1500W, 2000W Solar Power Inverter","[""https://yellowdotstorage.blob.core.windows.net/user/products/1666733644714/product-image.jpg"",""https://yellowdotstorage.blob.core.windows.net/user/products/1666733650181/product-image.jpg"",""https://yellowdotstorage.blob.core.windows.net/user/products/1666733657704/product-image.jpg""]",12000,,635a28c1f53b927926bfa08a,63074ef15a3b29740fa41f5c,,3,,,,VENDOR_SHOP,,MUeqo6qAf6ZcDj3chb1Va9NnRrM2,62ff517835e2296e14851ec1,63074ef15a3b29740fa41f5c,SO830GP03D9ARNAFAMZ,true,,2yrs,,
635a55e6596d186c793bcc51,1666864614188,,"[{""_id"":""635a2a5bf53b927926bfa180"",""productType"":{""_id"":""635a28c1f53b927926bfa08d"",""productType"":""BATTERIES""},""brand"":""DYNEX""}]","[{""_id"":""63063abaf469b10174ba3830"",""priority"":3,""categories"":""E- mobility""}]","[""#ffffff""]",,"Powerful lead battery with shatterproof and flame resistant plastic housing. Very good charging efficiency with minimal self-discharge. High-quality lead-calcium grids for extended service life.
Highlights & Details
Very good charging efficiency
Vandal resistant, flame-retardant housing
Rapid recovery from deep discharge
Facts
Very good charging efficiency
FR-housing (hardly inflammable acc. UL94 V0)
Impact and break-proof plastic housing made of ABS
Low self-discharge
Valve regulated design with nearly 100% gas recombination
lead-calcium grid for longer service life
Installed in Mini- and Midi UPS devices
Fast recovery after deep discharge
operating in any position (except permanent overhead)
production according to EN ISO 9001 quality management and ISO 14001 environmental management",,,,,https://yellowdotstorage.blob.core.windows.net/user/products/1666864456154/product-image.jpg,Rapid recovery from deep discharge,"Vandal resistant, flame-retardant housi",Very good charging efficiency,"Powerful lead battery with shatterproof and flame resistant plastic housing. Very good charging efficiency with minimal self-discharge. High-quality lead-calcium grids for extended service life.
Highlights & Details
Very good charging efficiency
Vandal resistant, flame-retardant housing
Rapid recovery from deep discharge
Facts
Very good charging efficiency
FR-housing (hardly inflammable acc. UL94 V0)
Impact and break-proof plastic housing made of ABS
Low self-discharge
Valve regulated design with nearly 100% gas recombination
lead-calcium grid for longer service life
Installed in Mini- and Midi UPS devices
Fast recovery after deep discharge
operating in any position (except permanent overhead)
production according to EN ISO 9001 quality management and ISO 14001 environmental management",634e3f1cfd850f34b4367332,"SHARE THIS PRODUCT   Yuasa Ups Battery 7Ah,12V","[""https://yellowdotstorage.blob.core.windows.net/user/products/1666864462422/product-image.jpg"",""https://yellowdotstorage.blob.core.windows.net/user/products/1666864468147/product-image.jpg"",""""]",4000,,635a28c1f53b927926bfa08d,634e3f41fd850f34b4367333,,3,true,,,VENDOR_SHOP,,7TqTGtu8osVEnPTfsWJOXFI2hVm1,634e3f1cfd850f34b4367332,634e3f41fd850f34b4367333,ASDFGHJ,true,,1YR,,
63623c98d7c8dd6904cf7ef5,1668157434439,,"[{""_id"":""63623b2cd7c8dd6904cf7ef4"",""productType"":{""_id"":""63623ad5d7c8dd6904cf7ef3"",""productType"":""SOLAR PUMP""},""brand"":""CHIMP""}]","[{""_id"":""63063a84f469b10174ba382e"",""priority"":1,""categories"":""Agri- business""}]","[""#ffffff""]",https://yellowdotstorage.blob.core.windows.net/user/conformity-docs/1667382413300/certificate-conformity.jpg,"Model NO.
4DSC/4QTSS
Assembly
Liquid Pumps
Power
Solar Energy
Start Up
Start Pump
Type
Solar Pump
Application
Submersible Pump
Industry
Solar Pump
Media
Clean Water Pump
Performance
Automatic Pump
Theory
Solar Pump
Inlet&Outlet
Brass/Cast Iron/Colord Brass
Impeller
PC/POM/PPO
Motor
Bdlc Motor
Transport Package
Standard
Specification
ISO9001, CE, MD, LVD, EMC, PCT, etc
Trademark
CHIMP or OEM
Origin
China
HS Code
8413709190
Production Capacity
1000PCS",,,,,https://yellowdotstorage.blob.core.windows.net/user/products/1667382358282/product-image.jpg,solar pump high pressure water pump for irrigation,solar pump high pressure water pump for irrigation,solar pump high pressure water pump for irrigation,"Warranty:1 Year
Max.Head: >150m
Max.Capacity: >400 L/min
Driving Type:	 Solar
Material: Stainless Steel
Structure: Multistage Pump",62ff517835e2296e14851ec1,solar pump high pressure water pump for irrigation,"[""https://yellowdotstorage.blob.core.windows.net/user/products/1667382371897/product-image.jpg"",""https://yellowdotstorage.blob.core.windows.net/user/products/1667382381703/product-image.jpg"",""https://yellowdotstorage.blob.core.windows.net/user/products/1667382392424/product-image.jpg""]",1,,63623ad5d7c8dd6904cf7ef3,63074ef15a3b29740fa41f5c,,20,,,,VENDOR_SHOP,,MUeqo6qAf6ZcDj3chb1Va9NnRrM2,62ff517835e2296e14851ec1,63074ef15a3b29740fa41f5c,QWERTYU,true,,2yrs,,
63a219a73795407aa0570823,1671693605392,,"[{""_id"":""635a2950f53b927926bfa090"",""productType"":{""_id"":""635a28c1f53b927926bfa08b"",""productType"":""SOLAR PANEL""},""brand"":""ADANI / MUNDRA""}]","[{""_id"":""63063a84f469b10174ba382e"",""priority"":1,""categories"":""Agri- business""},{""_id"":""63063aa6f469b10174ba382f"",""priority"":2,""categories"":""Home owners""}]","[""#ffffff"",""#272525""]",https://yellowdotstorage.blob.core.windows.net/user/conformity-docs/1671567774513/certificate-conformity.pdf,"Please upload clear, accurate and complete pictures
Minimum resolution: 500 x 500 - Maximum: 2000 x 2000
It is advisable to have 3 different images in different angles to showcase product features",100,100,,100,https://yellowdotstorage.blob.core.windows.net/user/products/1671693578312/product-image.png,Key Detail 1,Key Detail 2,Key Detail 3,"Please upload clear, accurate and complete pictures
Minimum resolution: 500 x 500 - Maximum: 2000 x 2000
It is advisable to have 3 different images in different angles to showcase product features",62ff517835e2296e14851ec1,Yd product,"[""https://yellowdotstorage.blob.core.windows.net/user/products/1671693586389/product-image.png"",""https://yellowdotstorage.blob.core.windows.net/user/products/1671693591381/product-image.png"",""https://yellowdotstorage.blob.core.windows.net/user/products/1671693601428/product-image.png""]",1000,https://yellowdotstorage.blob.core.windows.net/user/products/1671567690798/product-datasheet.pdf,635a28c1f53b927926bfa08b,63074ef15a3b29740fa41f5c,,3,,,,VENDOR_SHOP,,MUeqo6qAf6ZcDj3chb1Va9NnRrM2,62ff517835e2296e14851ec1,63074ef15a3b29740fa41f5c,wertyuio,true,https://yellowdotstorage.blob.core.windows.net/user/warranties/1671567728845/warranty.pdf,,,
63ca3b7ff47e7f559bdbfb76,1674198013399,,"[{""_id"":""635a2a15f53b927926bfa0f1"",""productType"":{""_id"":""635a28c1f53b927926bfa08a"",""productType"":""INVERTERS""},""brand"":""LUMINOUS""}]","[{""_id"":""63063a84f469b10174ba382e"",""priority"":1,""categories"":""Agri- business""}]",[],,"Â· Low temperature coefficient (Pmax): -0.30%/â„ƒ, more energy in hot climate
Â· 2% higher energy generation than PERC
Â· About 2.3% lower LCOE than PERC",0,0,CM,0,https://yellowdotstorage.blob.core.windows.net/user/products/1674197732810/product-image.png,210 mm wafer 132/120 dual cell N-type TOPCon techn,Front side power up to 695W Â· Up to 85% power bifa,,"Minimize cell micro-crack impacts to module
Â· Snow loads up to 5,400Pa, wind loads up to 2,400Pa",634519a2de5d691d7d8ec15c,Bifacial module up to 695W,"["""","""",""""]",60000,,635a28c1f53b927926bfa08a,634537a5de5d691d7d8ec167,,3,true,,,VENDOR_SHOP,,11T1FdSXQpNnAd5KyGJp6ujtQdK2,634519a2de5d691d7d8ec15c,634537a5de5d691d7d8ec167,56473832,true,,,GRAM,0
63da1fb55da6d647b38671f4,1675327859835,,"[{""_id"":""635a2950f53b927926bfa091"",""productType"":{""_id"":""635a28c1f53b927926bfa08b"",""productType"":""SOLAR PANEL""},""brand"":""AE SOLAR""}]","[{""_id"":""63063a84f469b10174ba382e"",""priority"":1,""categories"":""Agri- business""},{""_id"":""63063aa6f469b10174ba382f"",""priority"":2,""categories"":""Home owners""}]","[""#ffffff""]",https://yellowdotstorage.blob.core.windows.net/user/conformity-docs/1675239331336/certificate-conformity.jpg,"Please upload clear, accurate and complete pictures
Minimum resolution: 500 x 500 - Maximum: 2000 x 2000
It is advisable to have 3 different images in different angles to showcase product features",15,15,MM,30,https://yellowdotstorage.blob.core.windows.net/user/products/1675239249330/product-image.jpg,Key Detail 1,Key Detail 2,Key Detail 3,"Please upload clear, accurate and complete pictures
Minimum resolution: 500 x 500 - Maximum: 2000 x 2000
It is advisable to have 3 different images in different angles to showcase product features",63904ccca551366c9f6ee80a,Solarmax High Quality 100ah Solar Battery,"[""https://yellowdotstorage.blob.core.windows.net/user/products/1675239287816/product-image.jpg"",""https://yellowdotstorage.blob.core.windows.net/user/products/1675239293029/product-image.jpg"",""https://yellowdotstorage.blob.core.windows.net/user/products/1675239297172/product-image.jpg""]",20000,https://yellowdotstorage.blob.core.windows.net/user/products/1675239313631/product-datasheet.jpg,635a28c1f53b927926bfa08b,63d912d95da6d647b38671db,,,true,,,VENDOR_SHOP,,BEHcx1LWY1cJcIDwqQrYdQraJ583,63904ccca551366c9f6ee80a,63d912d95da6d647b38671db,QWERTYU,true,https://yellowdotstorage.blob.core.windows.net/user/warranties/1675239321996/warranty.jpg,,KG,20
63da204e5da6d647b38671f5,1675329087255,,"[{""_id"":""635a2a3ef53b927926bfa113"",""productType"":{""_id"":""635a28c1f53b927926bfa08c"",""productType"":""CHARGE CONTROLLERS""},""brand"":""POWMR""}]","[{""_id"":""63063a84f469b10174ba382e"",""priority"":1,""categories"":""Agri- business""},{""_id"":""63063aa6f469b10174ba382f"",""priority"":2,""categories"":""Home owners""}]","[""#ffffff""]",https://yellowdotstorage.blob.core.windows.net/user/conformity-docs/1675239497276/certificate-conformity.jpg,"Please upload clear, accurate and complete pictures
Minimum resolution: 500 x 500 - Maximum: 2000 x 2000
It is advisable to have 3 different images in different angles to showcase product features",15,15,MM,30,https://yellowdotstorage.blob.core.windows.net/user/products/1675239446519/product-image.jpg,Key Detail 1,Key Detail 2,Key Detail 3,"Please upload clear, accurate and complete pictures
Minimum resolution: 500 x 500 - Maximum: 2000 x 2000
It is advisable to have 3 different images in different angles to showcase product features",63904ccca551366c9f6ee80a,Solarmax High Quality 100ah Solar Battery,"[""https://yellowdotstorage.blob.core.windows.net/user/products/1675239451374/product-image.jpg"",""https://yellowdotstorage.blob.core.windows.net/user/products/1675239456346/product-image.jpg"",""https://yellowdotstorage.blob.core.windows.net/user/products/1675239460981/product-image.jpg""]",234567,https://yellowdotstorage.blob.core.windows.net/user/products/1675239478021/product-datasheet.jpg,635a28c1f53b927926bfa08c,63d912d95da6d647b38671db,,,true,,,VENDOR_SHOP,,BEHcx1LWY1cJcIDwqQrYdQraJ583,63904ccca551366c9f6ee80a,63d912d95da6d647b38671db,QWERTY,true,https://yellowdotstorage.blob.core.windows.net/user/warranties/1675239488241/warranty.jpg,,KG,30
63da219f5da6d647b38671f6,1675239839242,,"[{""_id"":""635a2950f53b927926bfa090"",""productType"":{""_id"":""635a28c1f53b927926bfa08b"",""productType"":""SOLAR PANEL""},""brand"":""ADANI / MUNDRA""}]","[{""_id"":""63063a84f469b10174ba382e"",""priority"":1,""categories"":""Agri- business""},{""_id"":""63063aa6f469b10174ba382f"",""priority"":2,""categories"":""Home owners""},{""_id"":""63063abaf469b10174ba3830"",""priority"":3,""categories"":""E- mobility""}]","[""#ffffff""]",https://yellowdotstorage.blob.core.windows.net/user/conformity-docs/1675239825956/certificate-conformity.jpg,"Please upload clear, accurate and complete pictures
Minimum resolution: 500 x 500 - Maximum: 2000 x 2000
It is advisable to have 3 different images in different angles to showcase product features",15,15,MM,30,https://yellowdotstorage.blob.core.windows.net/user/products/1675239802459/product-image.jpg,Key Detail 1,Key Detail 1,Key Detail 1,"Please upload clear, accurate and complete pictures
Minimum resolution: 500 x 500 - Maximum: 2000 x 2000
It is advisable to have 3 different images in different angles to showcase product features",63904ccca551366c9f6ee80a,Solarmax High Quality 100ah Solar Battery,"[""https://yellowdotstorage.blob.core.windows.net/user/products/1675239806750/product-image.jpg"",""https://yellowdotstorage.blob.core.windows.net/user/products/1675239811676/product-image.jpg"",""https://yellowdotstorage.blob.core.windows.net/user/products/1675239815922/product-image.jpg""]",20000,https://yellowdotstorage.blob.core.windows.net/user/products/1675239777337/product-datasheet.jpg,635a28c1f53b927926bfa08b,63d912d95da6d647b38671db,,,true,,,VENDOR_SHOP,,BEHcx1LWY1cJcIDwqQrYdQraJ583,63904ccca551366c9f6ee80a,63d912d95da6d647b38671db,QWERTY,true,https://yellowdotstorage.blob.core.windows.net/user/warranties/1675239794320/warranty.jpg,,KG,25
63da2bde5da6d647b38671f9,1675336587032,,"[{""_id"":""635a2950f53b927926bfa090"",""productType"":{""_id"":""635a28c1f53b927926bfa08b"",""productType"":""SOLAR PANEL""},""brand"":""ADANI / MUNDRA""}]","[{""_id"":""63063a84f469b10174ba382e"",""priority"":1,""categories"":""Agri- business""},{""_id"":""63063aa6f469b10174ba382f"",""priority"":2,""categories"":""Home owners""}]",[],,"Please upload clear, accurate and complete pictures
Minimum resolution: 500 x 500 - Maximum: 2000 x 2000
It is advisable to have 3 different images in different angles to showcase product features",23,23,M,34,https://yellowdotstorage.blob.core.windows.net/user/products/1675242341465/product-image.webp,Key Detail 1,Key Detail 2,Key Detail 3,"Please upload clear, accurate and complete pictures
Minimum resolution: 500 x 500 - Maximum: 2000 x 2000
It is advisable to have 3 different images in different angles to showcase product features",63904ccca551366c9f6ee80a,"Aootek New Solar Lights 120 LEDs with Lights Reflector,270Â° ","[""https://yellowdotstorage.blob.core.windows.net/user/products/1675242350395/product-image.webp"",""https://yellowdotstorage.blob.core.windows.net/user/products/1675242356568/product-image.webp"",""https://yellowdotstorage.blob.core.windows.net/user/products/1675242360736/product-image.webp""]",20000,https://yellowdotstorage.blob.core.windows.net/user/products/1675242452142/product-datasheet.jpg,635a28c1f53b927926bfa08b,63d912d95da6d647b38671db,,,true,,,VENDOR_SHOP,,BEHcx1LWY1cJcIDwqQrYdQraJ583,63904ccca551366c9f6ee80a,63d912d95da6d647b38671db,QWERTY,true,https://yellowdotstorage.blob.core.windows.net/user/warranties/1675242457185/warranty.jpg,,KG,25
63da3cbe5da6d647b3867208,1675246852282,,"[{""_id"":""635a2950f53b927926bfa093"",""productType"":{""_id"":""635a28c1f53b927926bfa08b"",""productType"":""SOLAR PANEL""},""brand"":""AU OPTRONICS""}]","[{""_id"":""63063a84f469b10174ba382e"",""priority"":1,""categories"":""Agri- business""}]",[],https://yellowdotstorage.blob.core.windows.net/user/conformity-docs/1675246778301/certificate-conformity.pdf,qwertyuiopoiuytrewqwertyuiopoiuytrewqwerty,0.01,5,M,5,https://yellowdotstorage.blob.core.windows.net/user/products/1675246846448/product-image.png,qwertyuio,qwertyuio,qwertyuio,qwertyuiowqwertyuioptre,63c8ca0cf47e7f559bdbfb54,Solar Powa,"["""","""",""""]",232117,https://yellowdotstorage.blob.core.windows.net/user/products/1675246759570/product-datasheet.pdf,635a28c1f53b927926bfa08b,63da3aa05da6d647b3867204,,3,true,,,VENDOR_SHOP,,pNcxTFMcOnUDUQyaT9IfmwlvTf73,63c8ca0cf47e7f559bdbfb54,63da3aa05da6d647b3867204,12345678,true,https://yellowdotstorage.blob.core.windows.net/user/warranties/1675246766884/warranty.pdf,qwtyuiop[iutrewqaSDFCVBNYTREWQASDFGH,KG,50